journal,total publications,2011,2012,2013,2014,2015,2016,2017,2018,2019,2020,2021,2022,2023
AMERICAN JOURNAL OF PHYSIOLOGY-LUNG CELLULAR AND MOLECULAR PHYSIOLOGY,65,5,8,8,2,8,5,7,7,3,3,4,4,1
AMERICAN JOURNAL OF RESPIRATORY CELL AND MOLECULAR BIOLOGY,40,2,4,3,8,5,2,1,5,3,2,2,1,2
PLOS ONE,29,2,4,7,8,2,1,1,1,1,0,2,0,0
SHOCK,24,2,1,3,3,2,1,2,2,1,2,0,1,4
INTERNATIONAL IMMUNOPHARMACOLOGY,20,0,0,0,0,2,1,0,2,1,3,5,4,2
SCIENTIFIC REPORTS,18,0,0,0,0,4,2,3,2,3,2,1,0,1
FRONTIERS IN IMMUNOLOGY,17,0,0,1,0,0,0,2,2,0,3,3,2,4
RESPIRATORY RESEARCH,16,0,1,0,1,1,1,3,2,1,1,3,1,1
FASEB JOURNAL,16,0,0,1,0,3,1,1,1,5,1,1,2,0
INTERNATIONAL JOURNAL OF MOLECULAR SCIENCES,14,0,0,0,1,0,0,0,1,1,1,4,3,3
PULMONARY CIRCULATION,14,0,0,2,2,1,0,2,3,0,2,0,1,1
CELLULAR PHYSIOLOGY AND BIOCHEMISTRY,12,0,0,0,1,5,2,1,3,0,0,0,0,0
FRONTIERS IN PHYSIOLOGY,11,0,0,0,0,0,0,0,1,1,1,3,4,1
CELLS,11,0,0,0,0,0,0,0,0,1,1,5,4,0
FRONTIERS IN PHARMACOLOGY,10,0,0,0,0,0,0,0,1,0,1,2,3,3
MICROVASCULAR RESEARCH,10,1,3,0,1,1,0,0,1,0,1,1,0,1
BIOCHEMICAL AND BIOPHYSICAL RESEARCH COMMUNICATIONS,10,0,0,0,1,1,3,0,0,1,1,1,1,1
JOURNAL OF IMMUNOLOGY,10,2,1,2,0,1,1,0,1,0,2,0,0,0
EXPERIMENTAL AND THERAPEUTIC MEDICINE,8,0,0,0,1,0,1,1,1,0,0,1,2,1
AMERICAN JOURNAL OF RESPIRATORY AND CRITICAL CARE MEDICINE,8,0,1,1,1,0,0,2,0,0,0,2,0,1
REDOX BIOLOGY,8,0,0,0,0,0,0,0,0,0,2,5,0,1
LIFE SCIENCES,8,0,0,1,0,0,0,0,1,0,3,1,1,1
EUROPEAN RESPIRATORY JOURNAL,8,1,0,0,0,1,0,0,1,1,1,2,1,0
MEDIATORS OF INFLAMMATION,8,0,0,1,1,0,2,1,0,1,1,1,0,0
JOURNAL OF BIOLOGICAL CHEMISTRY,8,1,0,0,2,0,1,0,0,1,1,2,0,0
AMERICAN JOURNAL OF PATHOLOGY,8,0,1,0,2,0,0,0,0,3,1,1,0,0
JOURNAL OF CELLULAR PHYSIOLOGY,8,0,1,0,1,1,0,0,1,1,1,2,0,0
TRANSFUSION,7,1,0,0,0,1,1,2,0,0,1,0,1,0
JOURNAL OF CELLULAR AND MOLECULAR MEDICINE,7,0,0,0,0,0,0,0,1,0,3,1,2,0
INFLAMMATION,7,0,0,1,1,1,1,1,1,0,0,0,1,0
CRITICAL CARE,7,1,0,0,2,1,1,1,1,0,0,0,0,0
ARTERIOSCLEROSIS THROMBOSIS AND VASCULAR BIOLOGY,6,0,0,1,0,2,1,1,0,0,0,0,0,1
JCI INSIGHT,6,0,0,0,0,0,0,1,1,1,1,1,0,1
MOLECULAR IMMUNOLOGY,6,0,0,0,0,0,0,0,2,0,1,0,1,2
STEM CELL RESEARCH & THERAPY,6,0,0,0,0,1,1,1,0,0,1,0,1,1
JOURNAL OF SURGICAL RESEARCH,6,0,0,0,0,1,2,0,0,1,0,1,0,1
BIOMEDICINE & PHARMACOTHERAPY,6,0,0,0,0,0,0,2,0,2,1,0,1,0
OXIDATIVE MEDICINE AND CELLULAR LONGEVITY,6,0,0,0,0,0,1,0,0,2,1,1,1,0
INFLAMMATION RESEARCH,6,0,1,1,0,0,0,0,0,0,1,3,0,0
JOURNAL OF TRANSLATIONAL MEDICINE,6,0,0,0,0,1,1,0,1,2,0,1,0,0
MOLECULAR MEDICINE REPORTS,6,0,0,0,1,2,1,1,1,0,0,0,0,0
CRITICAL CARE MEDICINE,6,1,0,3,0,1,0,0,1,0,0,0,0,0
AMERICAN JOURNAL OF TRANSLATIONAL RESEARCH,5,0,0,0,0,0,2,1,1,0,0,0,0,1
BMC PULMONARY MEDICINE,5,0,0,0,1,0,1,0,0,0,1,0,2,0
CELLULAR SIGNALLING,5,0,0,0,0,0,0,0,0,2,0,1,2,0
ANNALS OF TRANSLATIONAL MEDICINE,5,0,0,0,0,0,0,0,0,1,0,2,2,0
CELL DEATH & DISEASE,5,0,0,0,0,0,2,0,0,2,0,0,1,0
VASCULAR PHARMACOLOGY,5,0,0,0,1,0,0,0,2,0,1,0,1,0
JOURNAL OF APPLIED PHYSIOLOGY,5,1,0,1,0,1,0,0,0,1,0,0,1,0
MEDICAL SCIENCE MONITOR,5,0,0,1,0,0,0,0,3,0,0,1,0,0
DRUG DESIGN DEVELOPMENT AND THERAPY,5,0,0,0,0,0,1,0,2,1,0,1,0,0
JOURNAL OF CLINICAL INVESTIGATION,5,0,0,1,0,1,0,0,1,0,2,0,0,0
BLOOD,5,2,1,0,1,0,0,0,0,0,1,0,0,0
INTERNATIONAL JOURNAL OF MOLECULAR MEDICINE,5,0,0,2,0,1,0,1,0,0,1,0,0,0
MOLECULAR MEDICINE,4,0,0,0,0,0,1,0,0,0,1,0,1,1
MOLECULAR BIOLOGY REPORTS,4,2,0,0,1,0,0,0,0,0,0,0,0,1
ANESTHESIOLOGY,4,0,1,0,1,0,0,0,1,0,0,0,0,1
EUROPEAN JOURNAL OF PHARMACOLOGY,4,0,0,0,0,0,0,0,1,0,0,1,1,1
FRONTIERS IN CELLULAR AND INFECTION MICROBIOLOGY,4,0,0,0,0,0,1,1,0,0,0,0,2,0
PHARMACOLOGICAL RESEARCH,4,0,0,0,0,0,0,0,0,2,1,0,1,0
JOURNAL OF VIROLOGY,4,0,1,0,0,0,2,0,0,0,0,1,0,0
INTERNATIONAL JOURNAL OF CLINICAL AND EXPERIMENTAL PATHOLOGY,4,0,0,0,1,1,0,1,1,0,0,0,0,0
AMERICAN JOURNAL OF PHYSIOLOGY-CELL PHYSIOLOGY,3,0,0,0,1,0,0,0,0,0,0,1,0,1
ALLERGOLOGIA ET IMMUNOPATHOLOGIA,3,0,0,0,0,0,0,0,0,0,0,0,2,1
HUMAN & EXPERIMENTAL TOXICOLOGY,3,1,0,0,0,0,0,0,1,0,0,0,1,0
EVIDENCE-BASED COMPLEMENTARY AND ALTERNATIVE MEDICINE,3,0,0,0,0,0,1,0,1,0,0,0,1,0
IMMUNOBIOLOGY,3,0,0,0,0,0,0,0,1,0,1,0,1,0
FREE RADICAL BIOLOGY AND MEDICINE,3,1,0,0,0,0,0,1,0,0,0,0,1,0
CHINESE MEDICAL JOURNAL,3,1,0,0,0,0,0,0,0,0,1,0,1,0
BIOENGINEERED,3,0,0,0,0,0,0,0,0,0,0,1,2,0
IN VIVO,3,0,0,0,0,0,1,1,0,0,0,0,1,0
JOURNAL OF TOXICOLOGICAL SCIENCES,3,0,0,0,0,0,0,0,0,0,2,0,1,0
ACTA PHARMACOLOGICA SINICA,3,0,0,0,0,0,0,0,0,2,0,0,1,0
STEM CELLS INTERNATIONAL,3,0,0,0,0,0,0,1,0,0,1,1,0,0
ANESTHESIA AND ANALGESIA,3,1,0,1,0,0,0,0,0,0,1,0,0,0
JOURNAL OF BIOCHEMICAL AND MOLECULAR TOXICOLOGY,3,0,1,0,0,0,0,0,0,1,0,1,0,0
THORAX,3,0,0,0,0,0,1,0,1,0,1,0,0,0
STEM CELLS,3,0,0,0,1,0,0,1,0,1,0,0,0,0
JOURNAL OF CELLULAR BIOCHEMISTRY,3,0,0,0,0,0,0,0,0,3,0,0,0,0
MOLECULAR BIOLOGY OF THE CELL,3,0,0,0,0,1,0,1,0,1,0,0,0,0
ONCOTARGET,3,0,0,0,0,0,2,1,0,0,0,0,0,0
TRANSLATIONAL RESEARCH,3,0,0,2,0,0,0,1,0,0,0,0,0,0
EXPERIMENTAL LUNG RESEARCH,3,0,1,0,0,0,1,1,0,0,0,0,0,0
CURRENT PHARMACEUTICAL DESIGN,3,0,2,1,0,0,0,0,0,0,0,0,0,0
FRONTIERS IN MEDICINE,2,0,0,0,0,0,0,0,0,0,0,0,0,2
JOURNAL OF IMMUNOLOGY RESEARCH,2,0,0,0,0,0,0,0,0,1,0,0,0,1
BIOMEDICINES,2,0,0,0,0,0,0,0,0,0,1,0,0,1
INFLAMMOPHARMACOLOGY,2,0,0,0,0,0,0,0,1,0,0,0,0,1
APOPTOSIS,2,0,0,0,0,0,1,0,0,0,0,0,0,1
JOURNAL OF ETHNOPHARMACOLOGY,2,0,0,0,0,0,0,0,0,0,1,0,0,1
CLINICAL SCIENCE,2,0,0,0,0,0,0,0,0,0,0,1,0,1
FRONTIERS IN MOLECULAR BIOSCIENCES,2,0,0,0,0,0,0,0,0,0,0,1,1,0
JOURNAL OF THORACIC AND CARDIOVASCULAR SURGERY,2,0,0,0,0,0,1,0,0,0,0,0,0,1
FRONTIERS IN BIOENGINEERING AND BIOTECHNOLOGY,2,0,0,0,0,0,0,0,0,0,0,1,1,0
JOURNAL OF CLINICAL MEDICINE,2,0,0,0,0,0,0,0,0,0,0,1,1,0
CELL DEATH DISCOVERY,2,0,0,0,0,0,0,0,1,0,0,0,1,0
BLOOD REVIEWS,2,0,0,0,0,0,0,0,1,0,0,0,1,0
OPEN MEDICINE,2,0,0,0,0,0,0,0,0,0,0,1,1,0
ACTA PHARMACEUTICA SINICA B,2,0,0,0,0,0,0,0,0,0,0,1,1,0
SCIENCE SIGNALING,2,0,0,0,0,0,1,0,0,0,0,0,1,0
PHARMACEUTICALS,2,0,0,0,0,0,0,0,0,0,0,1,1,0
CELLULAR AND MOLECULAR BIOLOGY,2,0,0,0,0,1,0,0,0,0,0,0,1,0
CURRENT DRUG TARGETS,2,0,0,0,0,1,0,0,0,0,0,0,1,0
BIOSCIENCE REPORTS,2,0,0,0,0,0,0,0,1,0,0,0,1,0
BRAZILIAN JOURNAL OF MEDICAL AND BIOLOGICAL RESEARCH,2,0,0,0,0,0,0,0,1,0,0,0,1,0
DRUG DEVELOPMENT RESEARCH,2,0,0,0,0,0,0,0,0,0,0,0,2,0
AMERICAN JOURNAL OF PHYSIOLOGY-HEART AND CIRCULATORY PHYSIOLOGY,2,0,0,0,0,0,0,0,0,0,1,1,0,0
PHYTOMEDICINE,2,0,0,0,0,0,0,0,0,0,1,1,0,0
CIRCULATION RESEARCH,2,0,0,0,0,0,0,1,0,0,0,1,0,0
MBIO,2,0,0,0,0,0,0,0,0,0,1,1,0,0
ANGIOGENESIS,2,0,0,0,0,0,0,0,0,0,0,2,0,0
JOURNAL OF CONTROLLED RELEASE,2,0,0,0,1,0,0,0,0,0,0,1,0,0
PEDIATRIC RESEARCH,2,0,0,0,0,0,0,0,0,1,0,0,1,0
CELL BIOLOGY INTERNATIONAL,2,0,0,0,0,0,0,0,0,0,1,1,0,0
RESPIRATORY MEDICINE,2,0,0,0,0,0,0,0,0,0,1,1,0,0
ACTA BIOCHIMICA POLONICA,2,0,0,0,0,0,0,0,0,0,0,2,0,0
JOURNAL OF INFLAMMATION RESEARCH,2,0,0,0,0,0,0,0,0,0,0,2,0,0
CURRENT OPINION IN HEMATOLOGY,2,1,0,0,0,0,0,0,0,0,1,0,0,0
SCIENCE ADVANCES,2,0,0,0,0,1,0,0,0,0,1,0,0,0
PULMONARY PHARMACOLOGY & THERAPEUTICS,2,0,0,0,1,0,0,0,0,0,1,0,0,0
EXPERIMENTAL BIOLOGY AND MEDICINE,2,0,0,1,0,0,0,0,0,0,1,0,0,0
AAPS PHARMSCITECH,2,0,0,0,0,0,0,0,0,1,1,0,0,0
BRITISH JOURNAL OF PHARMACOLOGY,2,0,0,0,0,1,0,0,0,0,1,0,0,0
AGING-US,2,0,0,0,0,0,0,0,0,1,1,0,0,0
ELIFE,2,0,0,0,0,0,0,0,0,0,2,0,0,0
COMPREHENSIVE PHYSIOLOGY,2,0,0,0,0,0,0,0,0,1,1,0,0,0
ACTA MEDICA MEDITERRANEA,2,0,0,0,0,0,0,0,0,0,2,0,0,0
FOLIA HISTOCHEMICA ET CYTOBIOLOGICA,2,0,0,0,0,0,0,0,0,1,1,0,0,0
EXPERIMENTAL CELL RESEARCH,2,0,0,0,0,0,0,0,1,1,0,0,0,0
CHEST,2,0,0,1,0,0,0,0,0,1,0,0,0,0
JOURNAL OF LEUKOCYTE BIOLOGY,2,0,1,0,0,0,0,0,0,1,0,0,0,0
ANTIOXIDANTS & REDOX SIGNALING,2,0,0,0,0,0,1,0,0,1,0,0,0,0
JOURNAL OF TRAUMA AND ACUTE CARE SURGERY,2,0,0,0,0,0,0,1,1,0,0,0,0,0
INTERNATIONAL JOURNAL OF CLINICAL AND EXPERIMENTAL MEDICINE,2,0,0,0,0,0,0,0,2,0,0,0,0,0
TOHOKU JOURNAL OF EXPERIMENTAL MEDICINE,2,0,1,0,0,0,0,1,0,0,0,0,0,0
THROMBOSIS RESEARCH,2,0,0,0,1,0,0,1,0,0,0,0,0,0
RESPIRATION,2,0,0,0,1,0,0,1,0,0,0,0,0,0
DISEASE MARKERS,2,0,0,0,0,0,0,2,0,0,0,0,0,0
SURGERY,2,1,0,0,0,0,1,0,0,0,0,0,0,0
PROCEEDINGS OF THE NATIONAL ACADEMY OF SCIENCES OF THE UNITED STATES OF AMERICA,2,0,0,1,0,0,1,0,0,0,0,0,0,0
EXPERT REVIEW OF RESPIRATORY MEDICINE,2,1,0,0,0,1,0,0,0,0,0,0,0,0
JOURNAL OF EXPERIMENTAL MEDICINE,2,0,1,0,1,0,0,0,0,0,0,0,0,0
ULTRASTRUCTURAL PATHOLOGY,2,0,0,1,1,0,0,0,0,0,0,0,0,0
MOLECULAR ENDOCRINOLOGY,2,0,1,1,0,0,0,0,0,0,0,0,0,0
AMERICAN JOURNAL OF CLINICAL PATHOLOGY,2,0,0,2,0,0,0,0,0,0,0,0,0,0
AUTOIMMUNITY,1,0,0,0,0,0,0,0,0,0,0,0,0,1
SCIENCE CHINA-LIFE SCIENCES,1,0,0,0,0,0,0,0,0,0,0,0,0,1
INTERNATIONAL JOURNAL OF BIOLOGICAL MACROMOLECULES,1,0,0,0,0,0,0,0,0,0,0,0,0,1
JOURNAL OF BIOLOGICAL REGULATORS AND HOMEOSTATIC AGENTS,1,0,0,0,0,0,0,0,0,0,0,0,0,1
ACS NANO,1,0,0,0,0,0,0,0,0,0,0,0,0,1
GROWTH HORMONE & IGF RESEARCH,1,0,0,0,0,0,0,0,0,0,0,0,0,1
TRACE ELEMENTS AND ELECTROLYTES,1,0,0,0,0,0,0,0,0,0,0,0,0,1
TROPICAL JOURNAL OF PHARMACEUTICAL RESEARCH,1,0,0,0,0,0,0,0,0,0,0,0,0,1
BIOMOLECULES AND BIOMEDICINE,1,0,0,0,0,0,0,0,0,0,0,0,0,1
SEMINARS IN THROMBOSIS AND HEMOSTASIS,1,0,0,0,0,0,0,0,0,0,0,0,0,1
ANTIOXIDANTS,1,0,0,0,0,0,0,0,0,0,0,0,1,0
HELIYON,1,0,0,0,0,0,0,0,0,0,0,0,1,0
MATRIX BIOLOGY,1,0,0,0,0,0,0,0,0,0,0,0,1,0
BLOOD TRANSFUSION,1,0,0,0,0,0,0,0,0,0,0,0,1,0
LIFE-BASEL,1,0,0,0,0,0,0,0,0,0,0,0,1,0
BIOENGINEERING-BASEL,1,0,0,0,0,0,0,0,0,0,0,0,1,0
IMMUNOPHARMACOLOGY AND IMMUNOTOXICOLOGY,1,0,0,0,0,0,0,0,0,0,0,0,0,1
ENDOCRINE,1,0,0,0,0,0,0,0,0,0,0,0,0,1
IMMUNITY INFLAMMATION AND DISEASE,1,0,0,0,0,0,0,0,0,0,0,0,1,0
FRONTIERS IN CARDIOVASCULAR MEDICINE,1,0,0,0,0,0,0,0,0,0,0,0,1,0
SIGNA VITAE,1,0,0,0,0,0,0,0,0,0,0,0,1,0
CONTRAST MEDIA & MOLECULAR IMAGING,1,0,0,0,0,0,0,0,0,0,0,0,1,0
TOXICOLOGY AND APPLIED PHARMACOLOGY,1,0,0,0,0,0,0,0,0,0,0,0,1,0
DEUTSCHES ARZTEBLATT INTERNATIONAL,1,0,0,0,0,0,0,0,0,0,0,0,1,0
BURNS,1,0,0,0,0,0,0,0,0,0,0,0,1,0
SIGNAL TRANSDUCTION AND TARGETED THERAPY,1,0,0,0,0,0,0,0,0,0,0,0,1,0
CURRENT ISSUES IN MOLECULAR BIOLOGY,1,0,0,0,0,0,0,0,0,0,0,0,1,0
BMC PHARMACOLOGY & TOXICOLOGY,1,0,0,0,0,0,0,0,0,0,0,0,1,0
DEVELOPMENTAL CELL,1,0,0,0,0,0,0,0,0,0,0,0,1,0
PROGRESS IN BIOCHEMISTRY AND BIOPHYSICS,1,0,0,0,0,0,0,0,0,0,0,0,1,0
AMERICAN JOURNAL OF THE MEDICAL SCIENCES,1,0,0,0,0,0,0,0,0,0,0,0,1,0
NATURE REVIEWS MICROBIOLOGY,1,0,0,0,0,0,0,0,0,0,0,0,1,0
MOLECULAR AND CELLULAR ENDOCRINOLOGY,1,0,0,0,0,0,0,0,0,0,0,0,1,0
ADVANCED DRUG DELIVERY REVIEWS,1,0,0,0,0,0,0,0,0,0,0,0,1,0
VIRUSES-BASEL,1,0,0,0,0,0,0,0,0,0,0,0,1,0
JOURNAL OF GENE MEDICINE,1,0,0,0,0,0,0,0,0,0,0,0,1,0
BURNS & TRAUMA,1,0,0,0,0,0,0,0,0,0,0,0,1,0
LIFE SCIENCE ALLIANCE,1,0,0,0,0,0,0,0,0,0,0,0,1,0
INFECTION AND DRUG RESISTANCE,1,0,0,0,0,0,0,0,0,0,0,0,1,0
CHINESE JOURNAL OF INTEGRATIVE MEDICINE,1,0,0,0,0,0,0,0,0,0,0,0,1,0
FRONTIERS IN ENDOCRINOLOGY,1,0,0,0,0,0,0,0,0,0,0,1,0,0
JOURNAL OF CLINICAL ENDOCRINOLOGY & METABOLISM,1,0,0,0,0,0,0,0,0,0,0,1,0,0
JOURNAL OF MOLECULAR HISTOLOGY,1,0,0,0,0,0,0,0,0,0,0,0,1,0
WORLD JOURNAL OF CLINICAL CASES,1,0,0,0,0,0,0,0,0,0,0,1,0,0
BLOOD ADVANCES,1,0,0,0,0,0,0,0,0,0,0,1,0,0
FRONTIERS IN CELL AND DEVELOPMENTAL BIOLOGY,1,0,0,0,0,0,0,0,0,0,0,1,0,0
PHARMACOLOGICAL REVIEWS,1,0,0,0,0,0,0,0,0,0,0,1,0,0
CELL BIOCHEMISTRY AND BIOPHYSICS,1,0,0,0,0,0,0,0,0,0,0,1,0,0
MOLECULAR AND CELLULAR BIOCHEMISTRY,1,0,0,0,0,0,0,0,0,0,0,1,0,0
EXPERIMENTAL AND MOLECULAR MEDICINE,1,0,0,0,0,0,0,0,0,0,0,1,0,0
SLAS DISCOVERY,1,0,0,0,0,0,0,0,0,0,0,1,0,0
EXPERT REVIEW OF CLINICAL IMMUNOLOGY,1,0,0,0,0,0,0,0,0,0,0,1,0,0
MICROORGANISMS,1,0,0,0,0,0,0,0,0,0,0,1,0,0
WORLD JOURNAL OF GASTROENTEROLOGY,1,0,0,0,0,0,0,0,0,0,0,1,0,0
TOXICOLOGY IN VITRO,1,0,0,0,0,0,0,0,0,0,0,1,0,0
PATHOGENS,1,0,0,0,0,0,0,0,0,0,0,1,0,0
CELL DEATH AND DIFFERENTIATION,1,0,0,0,0,0,0,0,0,0,0,1,0,0
BIOSCIENCE TRENDS,1,0,0,0,0,0,0,0,0,0,0,1,0,0
GENE,1,0,0,0,0,0,0,0,0,0,0,1,0,0
HEART SURGERY FORUM,1,0,0,0,0,0,0,0,0,0,0,1,0,0
DNA REPAIR,1,0,0,0,0,0,0,0,0,0,1,0,0,0
ADVANCES IN CLINICAL AND EXPERIMENTAL MEDICINE,1,0,0,0,0,0,0,0,0,0,1,0,0,0
FEBS OPEN BIO,1,0,0,0,0,0,0,0,0,0,1,0,0,0
INFLAMMATION AND REGENERATION,1,0,0,0,0,0,0,0,0,0,1,0,0,0
DOSE-RESPONSE,1,0,0,0,0,0,0,0,0,0,1,0,0,0
BIOMEDICAL JOURNAL,1,0,0,0,0,0,0,0,0,0,1,0,0,0
JOURNAL OF INTENSIVE CARE,1,0,0,0,0,0,0,0,0,0,1,0,0,0
PROCEEDINGS OF THE NATIONAL ACADEMY OF SCIENCES OF THE UNITED STATES OF,1,0,0,0,0,0,0,0,0,0,1,0,0,0
BIOCHIMICA ET BIOPHYSICA ACTA-MOLECULAR AND CELL BIOLOGY OF LIPIDS,1,0,0,0,0,0,0,0,0,0,1,0,0,0
MICROCIRCULATION,1,0,0,0,0,0,0,0,0,0,0,1,0,0
OPEN BIOLOGY,1,0,0,0,0,0,0,0,0,0,1,0,0,0
TOXICOLOGIC PATHOLOGY,1,0,0,0,0,0,0,0,0,0,1,0,0,0
NAUNYN-SCHMIEDEBERGS ARCHIVES OF PHARMACOLOGY,1,0,0,0,0,0,0,0,0,0,1,0,0,0
MODERN PATHOLOGY,1,0,0,0,0,0,0,0,0,0,1,0,0,0
AMERICAN FAMILY PHYSICIAN,1,0,0,0,0,0,0,0,0,0,1,0,0,0
JOURNAL OF THROMBOSIS AND HAEMOSTASIS,1,0,0,0,0,0,0,0,0,0,1,0,0,0
DNA AND CELL BIOLOGY,1,0,0,0,0,0,0,0,0,0,1,0,0,0
ARCHIVES OF PHARMACAL RESEARCH,1,0,0,0,0,0,0,0,0,0,1,0,0,0
PLOS NEGLECTED TROPICAL DISEASES,1,0,0,0,0,0,0,0,0,0,1,0,0,0
JOURNAL OF MOLECULAR MEDICINE-JMM,1,0,0,0,0,0,0,0,0,0,1,0,0,0
CELL BIOLOGY AND TOXICOLOGY,1,0,0,0,0,0,0,0,0,0,1,0,0,0
ANATOMIA HISTOLOGIA EMBRYOLOGIA,1,0,0,0,0,0,0,0,0,0,1,0,0,0
CLINICAL AND APPLIED THROMBOSIS-HEMOSTASIS,1,0,0,0,0,0,0,0,0,1,0,0,0,0
MILITARY MEDICAL RESEARCH,1,0,0,0,0,0,0,0,0,1,0,0,0,0
NATURE COMMUNICATIONS,1,0,0,0,0,0,0,0,0,1,0,0,0,0
CELLULAR MICROBIOLOGY,1,0,0,0,0,0,0,0,0,1,0,0,0,0
INTERNATIONAL JOURNAL OF BIOCHEMISTRY & CELL BIOLOGY,1,0,0,0,0,0,0,0,0,1,0,0,0,0
JOURNAL OF PATHOLOGY,1,0,0,0,0,0,0,0,0,1,0,0,0,0
ASAIO JOURNAL,1,0,0,0,0,0,0,0,0,1,0,0,0,0
EXPERIMENTAL EYE RESEARCH,1,0,0,0,0,0,0,0,0,1,0,0,0,0
LIPIDS IN HEALTH AND DISEASE,1,0,0,0,0,0,0,0,0,1,0,0,0,0
ARCHIVOS DE BRONCONEUMOLOGIA,1,0,0,0,0,0,0,0,0,1,0,0,0,0
IMMUNOLOGY,1,0,0,0,0,0,0,0,0,1,0,0,0,0
BLOOD CELLS MOLECULES AND DISEASES,1,0,0,0,0,0,0,0,0,1,0,0,0,0
LABORATORY INVESTIGATION,1,0,0,0,0,0,0,0,0,1,0,0,0,0
TRANSPLANTATION PROCEEDINGS,1,0,0,0,0,0,0,0,0,1,0,0,0,0
RSC ADVANCES,1,0,0,0,0,0,0,0,0,1,0,0,0,0
NANOMEDICINE-NANOTECHNOLOGY BIOLOGY AND MEDICINE,1,0,0,0,0,0,0,0,0,1,0,0,0,0
MOLECULAR PHARMACEUTICS,1,0,0,0,0,0,0,0,0,1,0,0,0,0
TURKISH JOURNAL OF MEDICAL SCIENCES,1,0,0,0,0,0,0,0,0,1,0,0,0,0
CURRENT GENE THERAPY,1,0,0,0,0,0,0,0,0,1,0,0,0,0
JOURNAL OF NANOBIOTECHNOLOGY,1,0,0,0,0,0,0,0,1,0,0,0,0,0
STEM CELLS TRANSLATIONAL MEDICINE,1,0,0,0,0,0,0,0,1,0,0,0,0,0
ACTA BIOCHIMICA ET BIOPHYSICA SINICA,1,0,0,0,0,0,0,0,1,0,0,0,0,0
ARCHIVES OF BIOCHEMISTRY AND BIOPHYSICS,1,0,0,0,0,0,0,0,1,0,0,0,0,0
CLINICAL AND TRANSLATIONAL MEDICINE,1,0,0,0,0,0,0,0,1,0,0,0,0,0
INFECTIOUS DISEASES AND THERAPY,1,0,0,0,0,0,0,0,1,0,0,0,0,0
INTERNATIONAL JOURNAL OF POLYMER SCIENCE,1,0,0,0,0,0,0,0,1,0,0,0,0,0
FREE RADICAL RESEARCH,1,0,0,0,0,0,0,0,1,0,0,0,0,0
AUTOPHAGY,1,0,0,0,0,0,0,0,1,0,0,0,0,0
EXERCISE IMMUNOLOGY REVIEW,1,0,0,0,0,0,0,0,1,0,0,0,0,0
ALCOHOL,1,0,0,0,0,0,0,1,0,0,0,0,0,0
CLINICAL BIOCHEMISTRY,1,0,0,0,0,0,0,1,0,0,0,0,0,0
PFLUGERS ARCHIV-EUROPEAN JOURNAL OF PHYSIOLOGY,1,0,0,0,0,0,0,1,0,0,0,0,0,0
JOURNAL OF NIPPON MEDICAL SCHOOL,1,0,0,0,0,0,0,1,0,0,0,0,0,0
LANCET RESPIRATORY MEDICINE,1,0,0,0,0,0,0,1,0,0,0,0,0,0
ENVIRONMENTAL TOXICOLOGY AND PHARMACOLOGY,1,0,0,0,0,0,0,1,0,0,0,0,0,0
ANNALS OF THE AMERICAN THORACIC SOCIETY,1,0,0,0,0,0,0,1,0,0,0,0,0,0
BIOCHEMICAL PHARMACOLOGY,1,0,0,0,0,0,0,1,0,0,0,0,0,0
JAPANESE JOURNAL OF INFECTIOUS DISEASES,1,0,0,0,0,0,0,1,0,0,0,0,0,0
YONSEI MEDICAL JOURNAL,1,0,0,0,0,0,0,1,0,0,0,0,0,0
DRUG DELIVERY,1,0,0,0,0,0,0,1,0,0,0,0,0,0
ACTA PHYSIOLOGICA,1,0,0,0,0,0,0,1,0,0,0,0,0,0
CURRENT MOLECULAR MEDICINE,1,0,0,0,0,0,0,1,0,0,0,0,0,0
PEERJ,1,0,0,0,0,0,1,0,0,0,0,0,0,0
Pulmonary Circulation,1,0,0,0,0,0,1,0,0,0,0,0,0,0
AMERICAN JOURNAL OF PHYSIOLOGY-GASTROINTESTINAL AND LIVER PHYSIOLOGY,1,0,0,0,0,0,1,0,0,0,0,0,0,0
MEDICINE,1,0,0,0,0,0,1,0,0,0,0,0,0,0
CLINICAL AND EXPERIMENTAL PHARMACOLOGY AND PHYSIOLOGY,1,0,0,0,0,0,1,0,0,0,0,0,0,0
CELL CALCIUM,1,0,0,0,0,0,1,0,0,0,0,0,0,0
CIRCULATION,1,0,0,0,0,0,1,0,0,0,0,0,0,0
JOURNAL OF THE AMERICAN HEART ASSOCIATION,1,0,0,0,0,0,1,0,0,0,0,0,0,0
CHEMISTRY AND PHYSICS OF LIPIDS,1,0,0,0,0,0,1,0,0,0,0,0,0,0
ACTA MEDICA OKAYAMA,1,0,0,0,0,1,0,0,0,0,0,0,0,0
IMMUNE NETWORK,1,0,0,0,0,1,0,0,0,0,0,0,0,0
PEDIATRIC CRITICAL CARE MEDICINE,1,0,0,0,0,1,0,0,0,0,0,0,0,0
JOURNAL OF HEART AND LUNG TRANSPLANTATION,1,0,0,0,0,1,0,0,0,0,0,0,0,0
IMMUNITY,1,0,0,0,0,1,0,0,0,0,0,0,0,0
RESPIRATORY PHYSIOLOGY & NEUROBIOLOGY,1,0,0,0,0,1,0,0,0,0,0,0,0,0
EXPERT OPINION ON DRUG DELIVERY,1,0,0,0,0,1,0,0,0,0,0,0,0,0
NUCLEAR MEDICINE AND BIOLOGY,1,0,0,0,0,1,0,0,0,0,0,0,0,0
BIOCHIMICA ET BIOPHYSICA ACTA-MOLECULAR BASIS OF DISEASE,1,0,0,0,0,1,0,0,0,0,0,0,0,0
JOURNAL OF INFLAMMATION-LONDON,1,0,0,0,1,0,0,0,0,0,0,0,0,0
CLINICS IN CHEST MEDICINE,1,0,0,0,1,0,0,0,0,0,0,0,0,0
VIRUS RESEARCH,1,0,0,0,1,0,0,0,0,0,0,0,0,0
APMIS,1,0,0,0,1,0,0,0,0,0,0,0,0,0
BMC ANESTHESIOLOGY,1,0,0,0,1,0,0,0,0,0,0,0,0,0
MALARIA JOURNAL,1,0,0,0,1,0,0,0,0,0,0,0,0,0
PLOS PATHOGENS,1,0,0,0,1,0,0,0,0,0,0,0,0,0
NATURE NANOTECHNOLOGY,1,0,0,0,1,0,0,0,0,0,0,0,0,0
CYTOKINE,1,0,0,0,1,0,0,0,0,0,0,0,0,0
ARCHIVES OF PATHOLOGY & LABORATORY MEDICINE,1,0,0,0,1,0,0,0,0,0,0,0,0,0
LATIN AMERICAN JOURNAL OF PHARMACY,1,0,0,0,1,0,0,0,0,0,0,0,0,0
LANCET INFECTIOUS DISEASES,1,0,0,0,1,0,0,0,0,0,0,0,0,0
JOURNAL OF MATERNAL-FETAL & NEONATAL MEDICINE,1,0,0,1,0,0,0,0,0,0,0,0,0,0
VIRULENCE,1,0,0,1,0,0,0,0,0,0,0,0,0,0
PHARMACEUTICAL RESEARCH,1,0,0,1,0,0,0,0,0,0,0,0,0,0
JOURNAL OF PHARMACEUTICAL AND BIOMEDICAL ANALYSIS,1,0,0,1,0,0,0,0,0,0,0,0,0,0
RESPIROLOGY,1,0,0,1,0,0,0,0,0,0,0,0,0,0
CELL AND TISSUE RESEARCH,1,0,0,1,0,0,0,0,0,0,0,0,0,0
PATHOBIOLOGY,1,0,0,1,0,0,0,0,0,0,0,0,0,0
TRANSFUSION MEDICINE AND HEMOTHERAPY,1,0,0,1,0,0,0,0,0,0,0,0,0,0
AMERICAN JOURNAL OF TRANSPLANTATION,1,0,1,0,0,0,0,0,0,0,0,0,0,0
JOURNAL OF CRITICAL CARE,1,0,1,0,0,0,0,0,0,0,0,0,0,0
COMBINATORIAL CHEMISTRY & HIGH THROUGHPUT SCREENING,1,0,1,0,0,0,0,0,0,0,0,0,0,0
INNATE IMMUNITY,1,0,1,0,0,0,0,0,0,0,0,0,0,0
CELLULAR AND MOLECULAR LIFE SCIENCES,1,0,1,0,0,0,0,0,0,0,0,0,0,0
MICROSCOPY AND MICROANALYSIS,1,0,1,0,0,0,0,0,0,0,0,0,0,0
VOX SANGUINIS,1,0,1,0,0,0,0,0,0,0,0,0,0,0
ARCHIVES OF PHYSIOLOGY AND BIOCHEMISTRY,1,0,1,0,0,0,0,0,0,0,0,0,0,0
EMBO MOLECULAR MEDICINE,1,0,1,0,0,0,0,0,0,0,0,0,0,0
JOURNAL OF BIOMEDICAL SCIENCE,1,0,1,0,0,0,0,0,0,0,0,0,0,0
BIOMETALS,1,0,1,0,0,0,0,0,0,0,0,0,0,0
ALCOHOLISM-CLINICAL AND EXPERIMENTAL RESEARCH,1,0,1,0,0,0,0,0,0,0,0,0,0,0
INTERNATIONAL JOURNAL OF NANOTECHNOLOGY,1,0,1,0,0,0,0,0,0,0,0,0,0,0
INTERNATIONAL JOURNAL OF HYPERTHERMIA,1,0,1,0,0,0,0,0,0,0,0,0,0,0
EXPERT OPINION ON THERAPEUTIC TARGETS,1,1,0,0,0,0,0,0,0,0,0,0,0,0
JOURNAL OF BURN CARE & RESEARCH,1,1,0,0,0,0,0,0,0,0,0,0,0,0
KOREAN JOURNAL OF PATHOLOGY,1,1,0,0,0,0,0,0,0,0,0,0,0,0
