Institution,Country,Publications,Citations,h-index
Lishui Peoples Hosp,China,1,0,0
Tianjin Univ,China,2,17,1
Qinghai Univ,China,1,0,0
Fudan Univ,China,25,803,14
Shanxi Med Univ,China,1,0,0
Sidney Kimmel Comprehens Canc Ctr Johns Hopkins,United States,1,0,0
Case Western Reserve Univ,United States,2,42,1
Yale Sch Med,United States,3,18,2
Stanford Univ,United States,6,75,4
Wuhan Univ,China,20,230,10
Hubei Key Lab Cardiol,China,4,36,3
Nanchang Univ,China,7,58,5
Lanzhou Univ,China,2,2,1
Northwestern Univ,United States,12,1405,9
Rush Univ,United States,4,73,3
Rosalind Franklin Univ Med & Sci,United States,1,0,0
Trinity Coll Dublin,Ireland,1,0,0
OUH Odense Univ Hosp,Denmark,1,0,0
St James Hosp,Ireland,1,0,0
CHLO,Portugal,1,0,0
Univ Amsterdam,Netherlands,3,15,1
Univ Nova Lisboa,Portugal,1,0,0
111 Humen Rd,China,1,0,0
Binhaiwan Cent Hosp Dongguan,China,1,0,0
Jinan Univ,China,4,31,1
Augusta Univ,United States,13,310,9
Chongqing Med Univ,China,15,270,8
Guangzhou Med Univ,China,6,30,3
State Key Lab Resp Dis,China,2,13,1
Guangzhou Inst Resp Hlth,China,1,0,0
Sun Yat Sen Univ,China,13,186,7
Guangdong Prov Key Lab Brain Funct & Dis,China,1,0,0
Wenzhou Univ,China,2,4,1
Wenzhou Med Univ,China,19,276,10
Ohio State Univ,United States,9,195,6
Zhejiang Chinese Med Univ,China,4,54,3
Key Lab Microcirculat & Shock Zhangjiakou City,China,1,0,0
Hebei North Univ,China,3,1,1
Hebei Key Lab Crit Dis Mech & Intervent,China,1,0,0
Logist Univ Chinese Peoples Armed Police Force,China,1,0,0
Shaanxi Univ Chinese Med,China,1,0,0
Air Force Med Univ,China,1,0,0
Army Med Univ,China,3,5,1
Chongqing Univ Technol,China,1,0,0
St Louis Childrens Hosp,United States,1,3,1
Washington Univ,United States,2,45,2
Boston Med Ctr,United States,1,3,1
Cincinnati Childrens Hosp Med Ctr,United States,2,17,2
Boston Univ,United States,3,146,3
Univ Cincinnati,United States,5,133,4
Univ Texas Southwestern Med Ctr Dallas,United States,2,27,1
Texas Southwestern Med Ctr,United States,1,1,1
NIEHS,United States,2,22,1
Univ Vermont,United States,5,147,4
Univ Maryland,United States,21,368,12
Harborview Med Ctr,United States,1,1,1
Sichuan Univ,China,8,40,4
Tulane Univ,United States,1,0,0
Guangzhou Univ Chinese Med,China,4,30,3
Guangdong Med Univ,China,2,0,0
Macau Univ Sci & Technol,China,1,0,0
Lunan Pharmaceut Grp Co Ltd,China,1,1,1
Nankai Univ,China,1,1,1
Univ Louisiana Monroe,United States,7,80,5
Med Univ Lodz,Poland,2,10,1
Univ Calif Los Angeles,United States,9,271,6
Univ Calif San Francisco,United States,13,718,12
Reg Hosp,United States,2,4,2
Univ Fed Rio de Janeiro,Brazil,12,242,7
Univ Sao Paulo,Brazil,14,311,7
San Martino Policlin Hosp,Italy,3,57,2
Univ Genoa,Italy,10,187,5
Univ Minnesota,United States,7,96,5
Shanghai Jiao Tong Univ,China,41,887,17
Zhengzhou Univ Peoples Hosp,China,1,0,0
Natl Inst Enviromental Hlth Sci,United States,1,0,0
Fourth Mil Med Univ,China,14,177,9
Peking Univ China,China,1,1,1
Chinese Acad Med Sci,China,6,104,4
Beijing Tide Pharmaceut Co Ltd,China,1,1,1
Vanderbilt Univ Sch Med,United States,1,0,0
Vanderbilt Univ,United States,9,500,8
Seoul Natl Univ,South Korea,2,12,1
Southern Med Univ,China,10,112,7
Chinese Peoples Liberat Army Gen Hosp,China,2,6,1
Univ Estadual Campinas,Brazil,2,8,1
Beim Tannenhof 71,Germany,1,0,0
Anna Hosp,Germany,1,0,0
Univ Ulm,Germany,2,124,1
Inner Mongolia Med Univ,China,1,0,0
Inner Mongolia Univ,China,1,0,0
Inner Mongolia Agr Univ,China,1,0,0
Anhui Med Univ,China,16,89,5
Imperial Coll London,United Kingdom,6,276,5
Southwest Med Univ,China,3,12,2
Northwest Univ,China,3,8,2
Xi An Jiao Tong Univ,China,5,156,3
Hosp Agatharied,Germany,1,0,0
Tech Univ Munich,Germany,1,0,0
Ludwig Maximilians Univ Munchen,Germany,1,0,0
QIAGEN Digital Insights,United States,1,0,0
Bengbu Med Coll,China,2,0,0
Changzhou Univ,China,1,0,0
Soochow Univ,China,6,35,4
Jinzhou Med Univ,China,1,1,1
74 Linjiang Rd,China,1,1,1
Univ Arizona Hlth Sci,United States,10,193,6
Univ Arizona,United States,38,777,16
Chenzhou Third Peoples Hosp,China,1,0,0
Chinese Acad Med Sci & Peking Union Med Coll,China,3,76,2
Univ Elect Sci & Technol China,China,1,0,0
Hainan Prov Drug Adm,China,1,0,0
Hainan Med Univ,China,2,4,1
First Peoples Hosp Fuyang Hangzhou,China,1,0,0
Fujian Med Univ,China,1,0,0
Binzhou Med Univ,China,11,232,8
Qingdao Univ,China,3,46,2
Binzhou Med Univ Hosp,China,2,2,1
Northeastern Univ,China,1,3,1
Dalian Med Univ,China,9,118,6
Southern Methodist Univ,United States,1,3,1
Harvard Med Sch,United States,3,265,2
Univ Oxford,United Kingdom,3,188,3
Univ Aberdeen,United Kingdom,1,5,1
Univ Virginia,United States,4,125,3
Tsinghua Univ,China,1,1,1
Capital Med Univ,China,8,192,7
Beijing Tsinghua Changguang Hosp,China,1,1,1
Feinstein Inst Med Res,United States,5,146,4
Zucker Sch Med Hofstra Northwell,United States,1,1,1
Eotvos Lorand Res Network ELKH,Hungary,1,0,0
Med Univ Vienna,Austria,1,0,0
Ningxia Med Univ,China,4,12,2
69 Chuanshan Rd,China,1,0,0
Univ South China,China,2,5,1
Shanxi Univ,China,1,0,0
Guizhou Prov & Chinese Acad Sci,China,1,0,0
Guizhou Normal Univ,China,1,0,0
Guyuan 8 Middle Sch,China,1,0,0
Guizhou Med Univ,China,1,0,0
Guizhou Prov Peoples Hosp,China,3,89,1
Hannover Med Sch,Germany,5,213,4
Univ Giessen,Germany,11,1381,10
Max Planck Inst Heart & Lung Res,Germany,3,864,3
Med Univ Graz,Austria,3,46,3
Marburg Lung Ctr,Germany,1,3,1
Charit Univ med,Germany,1,3,1
Goethe Univ,Germany,1,3,1
Univ Hosp Zurich,Switzerland,1,3,1
Univ Lorraine,Germany,1,3,1
Justus Liebig Univ Giessen,Germany,4,49,3
Australian Red Cross Lifeblood,Australia,2,13,2
Univ Queensland,Australia,3,164,2
Prince Charles Hosp,Australia,2,13,2
Queensland Univ Technol,Australia,2,13,2
Univ Sunshine Coast,Australia,2,13,2
China Med Univ,China,19,369,9
Allegheny Hlth Network,United States,1,2,1
Univ New Mexico,United States,3,13,2
Second Hosp Jilin Univ,China,2,24,2
JinZhou Med Univ,China,1,5,1
Chinese Acad Sci,China,5,95,4
Ctr Anim Dis Control & Prevent GuiZhou Prov,China,1,0,0
China Anim Hlth & Epidemiol Ctr,China,1,0,0
Zunyi Med Univ,China,1,0,0
First Peoples Hosp Lianyungang,China,1,1,1
Huazhong Univ Sci & Technol,China,10,118,5
Nanjing Med Univ,China,22,306,10
Shandong Univ Hosp,China,1,1,1
Univ Rochester,United States,14,266,10
Nanjing Drum Tower Hosp Grp,China,1,4,1
Hebei Med Univ,China,2,5,2
China Japan Friendship Hosp,China,2,6,1
Second Peoples Hosp Hefei,China,1,1,1
Bengbu Med Univ,China,1,1,1
Ningbo Univ,China,3,26,2
European Univ Madrid,Spain,2,5,1
Getafe Univ Hosp,Spain,1,0,0
Carlos III Hlth Inst,Spain,1,0,0
Carlos III Univ,Spain,1,0,0
Changzhou Childrens Hosp,China,1,1,1
First Peoples Hosp Changzhou,China,2,7,1
Natl & Kapodistrian Univ Athens,Greece,10,394,7
Peoples Hosp Ningxia Hui Autonomous Reg,China,1,3,1
Binzhou Welf Inst,China,1,2,1
Amsterdam UMC,Netherlands,1,1,1
Acad Med Ctr,Netherlands,2,14,1
First Peoples Hosp,China,1,1,1
Louisiana State Univ,United States,1,10,1
Univ Alabama Birmingham,United States,12,295,8
Northwest A&F Univ,China,4,36,2
Broward Hlth Med Ctr,United States,3,18,2
Florida Int Univ,United States,2,4,2
Regions Hosp,United States,1,5,1
Chinese Peoples Liberat Army PLA Gen Hosp,China,1,1,1
Beijing Inst Radiat Med,China,1,1,1
Buddhist Tzu Chi Med Fdn,Taiwan,1,2,1
Tzu Chi Univ,Taiwan,3,68,2
Natl Def Med Ctr,Taiwan,3,18,2
China Pharmaceut Univ,China,8,181,6
Univ S Alabama,United States,11,330,8
Heidelberg Univ Hosp,Germany,1,4,1
UCL,United Kingdom,1,4,1
Univ Hosp Witten Herdecke,Germany,1,4,1
Univ Med Ctr Mainz,Germany,1,4,1
German Ctr Lung Res DZL,Germany,1,4,1
924th Hosp Joint Logist Support Force Chinese PLA,China,1,0,0
Univ Illinois,United States,77,2956,33
Indiana Univ Sch Med,United States,7,255,4
Univ Missouri,United States,4,58,4
Ann & Robert H Lurie Childrens Hosp Chicago,United States,5,105,4
Northwest Normal Univ,China,1,3,1
Northwestern Polytech Univ,China,1,3,1
Chang Gung Univ,Taiwan,2,11,1
Chang Gung Mem Hosp,Taiwan,1,1,1
Kunming Med Univ,China,1,11,1
Australian Def Force,Australia,1,11,1
Navy Med Univ,China,1,1,1
Shanghai Univ Sport,China,1,1,1
Vet Affairs San Diego Healthcare Syst,United States,1,10,1
Childrens Hosp Philadelphia,United States,3,96,3
Univ Washington,United States,4,67,4
Univ Calif San Diego,United States,5,87,5
Natl Jewish Hlth,United States,5,82,5
Southeast Univ,China,14,743,9
Boston Childrens Hosp,United States,2,21,2
Brigham & Womens Hosp,United States,2,192,2
Baylor Coll Med,United States,6,82,4
Massachusetts Gen Hosp,United States,6,160,4
Cent South Univ,China,5,60,4
Jiaying Univ,China,1,0,0
King Khalid Univ,Saudi Arabia,1,36,1
Brown Univ,United States,22,590,16
Erasmus MC,Netherlands,2,495,2
Providence Vet Affairs Med Ctr,United States,10,191,8
Anglia Ruskin Univ,United Kingdom,4,32,3
Sun Yat sen Univ,China,1,0,0
Univ Penn,United States,20,662,16
Fukushima Med Univ,Japan,1,3,1
China Agr Univ,China,1,9,1
Inst Nacl Ciencia & Tecnol INCT III,Brazil,1,2,1
Univ Fed ABC,Brazil,1,2,1
Seattle Childrens Res Inst,United States,1,2,1
Hunan Univ Chinese Med,China,1,2,1
Liuzhou Municipal Peoples Hosp,China,1,2,1
Liuzhou Tradit Chinese Med Hosp,China,1,2,1
Univ Colorado,United States,8,213,8
IRCCS Oncol & Neurosci,Italy,2,3,1
Fluminense Fed Univ,Brazil,2,3,1
Univ Texas Hlth Sci Ctr Tyler,United States,1,6,1
Huaian Maternal & Child Hlth Care Hosp,China,1,1,1
Hosp China Three Gorges Univ,China,1,1,1
First Peoples Hosp Linping Dist,China,1,1,1
Univ Hosp Getafe,Spain,1,20,1
Univ Manitoba,Canada,2,34,2
Ottawa Hosp Res Inst,Canada,1,20,1
Univ Toronto,Canada,18,704,14
St Michaels Hosp,Canada,9,322,8
Univ Europea Madrid,Spain,1,20,1
Fundacao Oswaldo Cruz,Brazil,1,20,1
Ctr Invest Biomed Red CIBER Enfermedades Resp,Spain,1,20,1
Univ West Attica,Greece,1,11,1
Cephalogenet Ctr,Greece,1,11,1
Natl Kapodistrian Univ Athens,Greece,1,11,1
Fenghua Dist Peoples Hosp,China,1,1,1
Hubei Univ Arts & Sci,China,1,1,1
Univ North Carolina Chapel Hill,United States,3,62,3
Butantan Inst,Brazil,1,3,1
Wenzhou Cent Hosp,China,1,1,1
Hosp Southern Theatre Command PLA,China,1,0,0
Shanghai Univ,China,2,6,1
Naval Med Univ,China,3,7,1
Yangzhou Univ,China,6,79,4
Nanjing Univ Chinese Med,China,4,57,3
Rugao Hosp Tradit Chinese Med,China,1,0,0
Key Lab Heart Failure Prevent & Treatment Hengyan,China,1,5,1
Clin Med Res Ctr Arteriosclerot Dis Hunan Prov,China,1,5,1
Univ Chinese Acad Sci,China,1,20,1
Handan First Hosp,China,1,4,1
Osaka Med & Pharmaceut Univ,Japan,1,3,1
Chiba Univ,Japan,5,227,5
Kazusa DNA Res Inst,Japan,1,5,1
984 Hosp,China,1,3,1
Taihe Cty Peoples Hosp,China,1,3,1
Ciber Enfermedades Resp CIBERES,Spain,2,30,2
Hosp Univ Getafe,Spain,3,53,3
Univ Complutense Madrid,Spain,2,30,2
Imperial Coll,United Kingdom,3,58,2
Yale Univ,United States,7,172,6
German Lung Res Ctr DZL,Germany,1,2,1
Shanghai Jiaotong Univ Sch Med,China,1,5,1
Tianjin Med Univ Gen Hosp,China,1,0,0
Marquette Univ,United States,3,45,3
Zablocki Vet Affairs Med Ctr,United States,1,5,1
Med Coll Wisconsin,United States,4,106,4
Catholic Univ Louvain,Belgium,1,35,1
Justus Liebig Univ,Germany,5,83,5
Fresenius Univ Appl Sci,Germany,1,7,1
Aalborg Univ Hosp,Denmark,1,7,1
Zhengzhou Univ,China,6,114,6
Peking Univ First Hosp,China,1,6,1
Minist Educ,China,1,6,1
Weifang Hosp Tradit Chinese Med,China,1,6,1
Univ Hlth Network,Canada,3,37,3
Zhejiang Univ,China,12,265,10
Univ Insubria,Italy,1,14,1
IRCCS MultiMed,Italy,1,14,1
Ist Ricovero & Cura Carallere Sci IRCCS MulliMed,Italy,1,14,1
CSIR Ctr Cellular & Mol Biol CCMB,India,1,15,1
CSIR Indian Inst Chem Technol IICT,India,1,15,1
CSIR Indian Inst Chem Technol CSIR IICT,India,1,15,1
Room 920N MC719,United States,1,4,1
Thomas Jefferson Univ,United States,4,105,4
SUNY Stony Brook,United States,2,60,1
Duke Univ,United States,2,30,2
Xinxiang Med Univ,China,1,7,1
Aichi Med Univ,Japan,1,3,1
Okayama Univ,Japan,2,5,2
Nanjing Univ,China,8,144,7
Chengdu Med Coll,China,1,9,1
China Tianjin Med Univ Gen Hosp,China,1,4,1
Eastern Virginia Med Sch,United States,2,89,2
Old Dominion Univ,United States,8,243,7
North Sichuan Med Coll,China,1,3,1
Natl TB & Lung Dis Res Inst,Poland,1,31,1
Med Univ Warsaw,Poland,1,31,1
Inst Nationwide Childrens Hosp,United States,1,2,1
Biomed Inst,Brazil,1,5,1
Nexcelom Biosci LLC,United States,1,1,1
Natl Inst Diabet & Digest & Kidney Dis,United States,1,12,1
Natl Res Council ITB CNR,Italy,1,21,1
Univ Brescia,Italy,1,21,1
Queens Univ Belfast,United Kingdom,4,315,4
Pacific Northwest Natl Lab,United States,1,9,1
Univ N Carolina,United States,2,43,2
Evangelismos Med Ctr,Greece,3,42,3
Univ Piraeus,Greece,1,21,1
Pitie Salpetriere Univ Hosp,France,1,75,1
Univ Witten Herdecke,Germany,1,75,1
Univ Hosp Munster,Germany,1,75,1
Hop Europeen Georges Pompidou,France,1,75,1
Univ Strasbourg UNISTRA,France,1,75,1
Univ Paris,France,1,75,1
Inst Curie,France,1,75,1
Univ Geneva,Switzerland,4,143,4
F CRIN INNOVTE Network,France,1,75,1
Assistance Publ Hop Paris,France,1,75,1
Vrije Univ Amsterdam,Netherlands,4,209,4
Johannes Gutenberg Univ Mainz,Germany,3,142,3
Hop Univ Strasbourg,France,1,75,1
Biomed Res Endstage & Obstruct Lung Dis Hannover,Germany,1,75,1
Strasbourg Drug Discovery & Dev Inst IMS,France,1,7,1
Inst Cancerol Strasbourg Europe,France,1,7,1
Univ Strasbourg,France,1,7,1
LEAF4Life Inc,United States,1,7,1
Univ Hosp Strasbourg,France,1,7,1
Paul Strauss Canc Ctr,France,1,7,1
Harvard Univ,United States,11,618,9
Queen Mary Univ London,United Kingdom,2,400,2
Univ Sheffield,United Kingdom,1,22,1
Univ Cambridge,United Kingdom,4,577,4
Taipei City Hosp,Taiwan,1,3,1
Natl Yang Ming Chiao Tung Univ,Taiwan,1,3,1
Taipei Vet Gen Hosp,Taiwan,3,17,3
Dept Vet Affairs,United States,1,16,1
Childrens Mercy Res Inst,United States,1,4,1
Childrens Mercy Kansas City,United States,1,4,1
Anhui Univ Chinese Med,China,1,3,1
Univ Texas Med Branch,United States,3,63,3
Boston Univ Med Campus,United States,1,21,1
Indiana Univ,United States,3,123,3
Houston Methodist Hosp,United States,1,40,1
Zhejiang Prov Peoples Hosp,China,1,7,1
Keio Univ,Japan,3,98,3
Nagoya Univ,Japan,4,50,4
Shandong Prov Qianfoshan Hosp,China,1,3,1
Shandong Univ,China,5,135,4
Shandong First Med Univ,China,2,19,2
Sanquin Res,Netherlands,2,26,2
Amsterdam Univ Med Ctr,Netherlands,1,12,1
Henan Univ,China,2,24,2
Jiaxing Univ,China,1,20,1
Wannan Med Coll,China,1,20,1
Southeast Univ Nanjing Med Univ,China,1,20,1
Warman Med Coll,China,1,20,1
State Univ Southwest Bahia,Brazil,1,4,1
Univ Rennes,France,1,4,1
Univ Fed Alagoas,Brazil,1,4,1
Charlie Norwood VA Med Ctr,United States,2,33,2
Univ Georgia,United States,2,33,2
Ryerson Univ,Canada,1,26,1
Hosp Sick Children,Canada,3,134,3
Natl Grad Inst Policy Studies GRIPS,Japan,1,20,1
Teikyo Univ,Japan,1,20,1
St Marianna Univ,Japan,1,20,1
Japan Coll Fibromyalgia Invest,Japan,1,20,1
Fuji Toranomon Childrens Ctr,Japan,1,20,1
Amer Coll Rheumatol,United States,1,20,1
Tokyo Womens Med Univ,Japan,1,20,1
Japan Med Res Fdn,Japan,1,20,1
Yokohama City Univ,Japan,1,20,1
Japan Soc Neurovegetat Res,Japan,1,20,1
Jikei Univ,Japan,1,18,1
Third Mil Med Univ,China,11,295,10
Cent Peoples Hosp Zhanjiang,China,1,10,1
Chinese PLA Peoples Liberat Army Gen Hosp,China,1,9,1
Second Mil Med Univ,China,6,166,6
Tongji Univ,China,10,348,9
Ruian Peoples Hosp,China,1,5,1
Univ Sonora,Mexico,1,16,1
CAR,United Kingdom,1,33,1
Melbourne Sch Populat & Global Hlth,Australia,1,33,1
Med Univ Plovdiv,Bulgaria,1,33,1
Ctr Addict & Mental Hlth CAMH,Canada,1,33,1
Univ Melbourne,Australia,2,87,2
King Chulalongkorn Univ Hosp,Thailand,1,33,1
Deakin Univ,Australia,1,33,1
Barwon Hlth,Australia,1,33,1
Tech Univ Dresden,Germany,6,141,5
Pro Cardiaco Hosp,Brazil,1,1,1
Copa DOr Hosp,Brazil,1,1,1
Outcomes Res Consortium,United States,1,1,1
Weifang Med Univ,China,2,28,2
Beihua Univ,China,1,1,1
Qianguo Cty Hosp,China,1,1,1
Kyushu Univ Hosp,Japan,1,33,1
Kyushu Univ,Japan,2,54,2
Maharshi Dayanand Univ,India,1,26,1
Fdn Pernambuco HEMOPE,Brazil,1,7,1
Univ Autonoma Madrid,Spain,1,7,1
Univ Fed Rio Grande do Norte,Brazil,1,7,1
Univ Fed Pernambuco,Brazil,1,7,1
Univ Fed Piaui,Brazil,1,7,1
Univ Campirms,Brazil,1,7,1
Guangxi Med Univ Canc Hosp,China,1,12,1
Xian 9 Hosp,China,1,3,1
160 Pujian Rd,China,1,5,1
1055 Sanxiang Rd,China,1,5,1
RDS2 Solut,United States,1,4,1
Engn & Res Ctr Sepsis,China,1,4,1
Int Lab Sepsis Res,China,1,4,1
Hangzhou Third Hosp,China,1,14,1
Shanghai Jiao Tong Univ Affiliated Peoples Hosp 6,China,2,19,2
Taizhou Univ Hosp,China,1,6,1
Beijing Inst Resp Med,China,1,11,1
Vet Affairs Healthcare Syst,United States,1,22,1
UCSF,United States,2,52,2
Univ Texas Hlth Sci Ctr Houston,United States,3,150,3
Sanquin Diagnost Serv,Netherlands,1,14,1
Lund Univ,Sweden,4,84,4
Huazhong Agr Univ,China,2,56,2
Northern Jiangsu Peoples Hosp,China,1,3,1
First Hosp Jilin Univ,China,1,12,1
Gen Hosp Southern Theatre Command PLA,China,1,5,1
Guangdong Acad Med Sci,China,4,125,4
Hubei Univ Med,China,1,32,1
Hokkaido Univ,Japan,1,356,1
Natl Inst Quantum & Radiol Sci & Technol,Japan,1,356,1
Shenzhen Univ,China,1,1,1
FraunhoferInst Fuer Toxikol & Expt Med ITEM,Germany,1,9,1
Med Hsch Hannover OE6876,Germany,1,9,1
GlaxoSmithKline,United Kingdom,1,9,1
Kitasato Univ,Japan,1,48,1
Charlie Norwood Vet Affairs Med Ctr,United States,1,13,1
James A Haley Vet Hosp,United States,1,16,1
Univ S Florida,United States,4,120,4
Osaka Univ,Japan,3,207,3
Osaka Habikino Med Ctr,Japan,1,156,1
Jichi Med Univ,Japan,1,22,1
Chongqing Emergency Med Ctr,China,1,11,1
Southern Illinois Univ,United States,1,9,1
St Louis Univ,United States,2,44,2
903 Hosp PLA,China,1,1,1
Gifu Univ,Japan,3,110,3
Agcy Sci Technol & Res,Singapore,1,14,1
Nanyang Technol Univ Singapore,Singapore,1,14,1
Univ Zurich,Switzerland,1,0,0
Pelago Biosci AB,Sweden,1,0,0
AstraZeneca,United Kingdom,1,0,0
Univ Liverpool,United Kingdom,2,378,1
Chicago State Univ,United States,3,59,2
Univ Edinburgh,United Kingdom,1,17,1
Univ Airlangga,Indonesia,1,17,1
Kyoto Pharmaceut Univ,Japan,1,17,1
Niigata Univ,Japan,1,17,1
South China Univ Technol,China,2,20,2
SUNY Downstate Hlth Sci Univ,United States,1,10,1
Baltimore VA Med Ctr,United States,2,22,2
Univ Tokyo Hosp,Japan,2,18,2
J Pharma Co Ltd,Japan,1,9,1
Univ Toyama,Japan,2,18,2
Suez Canal Univ,Egypt,1,9,1
Shimizu Corp,Japan,1,9,1
Juntendo Univ,Japan,2,30,2
Hlth Sci Univ Hokkaido,Japan,1,9,1
Asahi Univ,Japan,2,54,2
Gifu Univ Hosp,Japan,2,54,2
Taipei Med Univ,Taiwan,1,11,1
Taipei Med Univ Hosp,Taiwan,1,11,1
Chia Yi Christian Hosp,Taiwan,1,11,1
Natl Chung Hsing Univ,Taiwan,1,11,1
Univ Michigan,United States,7,235,6
Univ Tennessee,United States,3,123,3
Univ Ottawa,Canada,1,14,1
Hosp Univ Getafe CIBER Enfermedades Resp CIBERES,Spain,1,14,1
Harvard Pilgrim Healthcare Inst,United States,1,190,1
8th Theater Sustainment Command,United States,1,45,1
Uniformed Serv Univ Hlth Sci,United States,1,45,1
Univ Reading,United Kingdom,1,175,1
Royal Free Hosp,United Kingdom,1,175,1
Aberdeen Cardiovasc & Diabet Ctr,United Kingdom,1,175,1
Med Univ South Carolina,United States,2,28,2
Cold Spring Harbor Lab,United States,1,14,1
Third Peoples Hosp Chengdu,China,1,4,1
Zhejiang Acad Med Sci,China,1,24,1
Michigan State Univ,United States,1,66,1
Univ Texas Hlth Sci Ctr San Antonio,United States,1,66,1
Mashhad Univ Med Sci,Iran,1,66,1
Guizhou Univ Tradit Chinese Med,China,1,12,1
Univ Bonn,Germany,3,257,3
Radboudumc Ctr Infect Dis RCI,Netherlands,1,189,1
Coll Pharm,United States,1,10,1
New York Med Coll,United States,1,44,1
Air Force Med Ctr,China,1,17,1
Peoples Hosp Henan Prov,China,1,11,1
OUHSC,United States,1,11,1
Chungnam Natl Univ,South Korea,1,11,1
Harbin Med Univ Daqing,China,1,15,1
Harbin Med Univ,China,4,68,4
Univ Birmingham,United Kingdom,3,70,3
Heart England Natl Hlth Serv Fdn Trust,United Kingdom,1,33,1
Tianjin Med Univ,China,3,53,3
Natl Inst Sci & Technol Regenerat Med,Brazil,1,50,1
Nanjing Normal Univ,China,1,12,1
Jiangsu Prov Acad Tradit Chinese Med,China,1,12,1
Cent S Univ,China,4,89,4
Loyola Univ Med Ctr,United States,1,47,1
CUNY Queens Coll,United States,4,148,4
Texas Tech Univ,United States,1,5,1
Tongde Hosp Zhejiang Prov,China,2,21,2
Nantong Univ,China,2,25,2
Paul Ehrlich Inst,Germany,1,12,1
Univ Hosp Wurzburg,Germany,1,12,1
Univ Pittsburgh,United States,14,743,11
Drexel Univ,United States,3,52,3
Univ Calif Irvine,United States,1,69,1
Natl Yang Ming Univ,Taiwan,1,9,1
MetaTech AP Inc,Taiwan,1,9,1
Taipei City Govt,Taiwan,1,9,1
I Shou Univ,Taiwan,1,9,1
Dayeh Univ,Taiwan,1,9,1
Temple Univ,United States,5,242,5
Vet Affairs Pittsburgh Healthcare Syst,United States,3,219,3
Sichuan Univ Chengdu,China,1,10,1
Tohoku Univ,Japan,2,75,2
John Hunter Hosp,Australia,1,97,1
Hunter Med Res Inst,Australia,1,97,1
Natl Univ Singapore,Singapore,1,31,1
ASTAR,Singapore,1,31,1
Walailak Univ,Thailand,1,11,1
Mahidol Univ,Thailand,1,11,1
Ctr Dis Control & Prevent,United States,3,120,3
Kansas Univ,United States,1,25,1
Childrens Mercy Hosp,United States,1,25,1
Karolinska Inst,Sweden,1,17,1
Modus Therapeut AB,Sweden,1,17,1
German Ctr Cardiovasc Res DZHK,Germany,1,17,1
Ludwig Maximilian Univ Munich,Germany,1,17,1
Univ Lyon,France,1,18,1
Inst Natl Transfus Sanguine,France,1,18,1
Etab Francais Sang Auvergne Rhone Alpes,France,1,18,1
Univ Chicago,United States,34,1308,23
Stanley Manne Childrens Res Inst,United States,1,31,1
Gifu Pharmaceut Univ,Japan,1,36,1
Peking Univ,China,3,105,3
Birmingham Vet Affairs Med Ctr,United States,1,5,1
Shihezi Univ,China,1,5,1
Acad Sinica,Taiwan,1,6,1
Natl Hlth Res Inst,Taiwan,1,6,1
Cardinal Tien Hosp,Taiwan,1,6,1
Donald & Barbara Zucker Sch Med Hofstra Northwell,United States,1,92,1
Henan Prov Peoples Hosp,China,2,16,2
Henan Univ Tradit Chinese Med,China,1,13,1
Univ Tokyo,Japan,5,200,5
Univ Stuttgart,Germany,1,8,1
Fraunhofer Inst Interfacial Engn & Biotechnol IGB,Germany,1,8,1
Xenios AG,Germany,1,8,1
Reutlingen Univ,Germany,1,8,1
Univ Florence,Italy,1,8,1
Hubei Coll Chinese Med,China,1,10,1
Charite Univ Med Berlin,Germany,3,67,3
Yogi Vemana Univ,India,1,12,1
Jinan Preschool Educ Coll,China,1,16,1
Binzhou Med Coll,China,1,16,1
Liaoning Canc Hosp & Inst,China,1,53,1
Shanghai Resp Res Inst,China,4,45,4
Kings Coll London,United Kingdom,1,13,1
Peking Union Med Coll,China,3,99,3
Oregon Hlth & Sci Univ,United States,1,21,1
Panjab Univ,India,1,26,1
Shanghai Univ Med & Hlth Sci,China,2,40,2
Univ Calif Berkeley,United States,1,26,1
First Peoples Hosp Nantong,China,1,34,1
Nationwide Childrens Hosp,United States,2,40,2
Larkin Univ,United States,1,29,1
Karl Franzens Univ Graz,Austria,3,63,3
Univ Adelaide,Australia,2,65,2
Columbia Univ,United States,4,156,4
Comenius Univ,Slovakia,3,261,3
Cent Hosp Xuhui Dist,China,1,11,1
Natl Inst Pharmaceut Educ & Res,India,1,87,1
CSIR Inst Genom & Integrat Biol,India,1,87,1
Hangzhou Normal Univ,China,1,14,1
Zhejiang Pharmaceut Coll,China,2,49,2
Univ Miami,United States,1,35,1
Hubei Prov Govt,China,1,33,1
Wuhan Forth Hosp,China,1,33,1
Cent Hosp Wuhan,China,1,33,1
Jiangsu Univ,China,2,50,2
Free Univ Berlin,Germany,3,63,3
Humboldt Univ,Germany,3,63,3
Berlin Inst Hlth,Germany,3,63,3
Shanghai Key Lab Organ Transplantat,China,1,9,1
Binzhou Med Univ Binzhou,China,1,33,1
Chinese Peoples Liberat Army,China,2,46,2
Zhejiang Prov Top Key Discipline Surg,China,1,18,1
Changzhi Med Coll,China,1,18,1
CNRS,France,3,100,3
CHRU Lille,France,3,140,3
Inst Pasteur,France,3,100,3
CHU Lille,France,2,68,2
Lunginnov,France,3,100,3
INSERM,France,3,75,3
Univ Lille,France,2,68,2
Nanhai Hosp,China,1,31,1
Royal Brompton & Harefield NHS Fdn Trust,United Kingdom,1,50,1
GlaxoSmithKline Res & Dev Ltd,United Kingdom,1,50,1
GlaxoSmithKline R&D,United States,1,50,1
Univ Nebraska Med Ctr,United States,1,3,1
Alector,United States,1,3,1
Walter & Eliza Hall Inst Med Res,Australia,1,54,1
Rush Med Coll,United States,1,26,1
Jiangsu Prov Ctr Dis Prevent & Control,China,1,10,1
Beijing Inst Microbiol & Epidemiol,China,1,16,1
North China Univ Sci & Technol,China,1,16,1
Otto von Guericke Univ,Germany,1,17,1
Guiyang Coll Tradit Chinese Med,China,1,51,1
Univ Maryland Hosp,United States,1,20,1
Univ Nevada,United States,1,12,1
Second Peoples Hosp Longgang Dist,China,1,61,1
Third Peoples Hosp Shenzhen,China,1,61,1
Monash Univ,Australia,2,243,2
Univ Libre Bruxelles,Belgium,1,92,1
Univ Paris Sud,France,1,92,1
Ist Super Sanita,Italy,1,92,1
Paris Descartes Univ,France,1,92,1
Univ Palermo,Italy,1,92,1
CIBERES,Spain,1,92,1
Univ Clin Heidelberg,Germany,1,92,1
Univ Barcelona,Spain,1,92,1
CAPNETZ STIFTUNG,Germany,1,14,1
Univ Duisburg Essen,Germany,1,14,1
Univ Marburg,Germany,1,14,1
HELIOS Klinikum Emil von Behring,Germany,1,14,1
Univ Potsdam,Germany,1,14,1
Flinders Univ S Australia,Australia,2,30,2
Univ Southern Calif,United States,1,19,1
Univ Estadual Maringa,Brazil,1,19,1
Michael E DeBakey VA Med Ctr,United States,1,34,1
Zhejiang Canc Hosp,China,1,26,1
Childrens Hosp Res Fdn,United States,1,15,1
Univ Copenhagen Hosp,Denmark,1,4,1
Show Chwan Mem Hosp,Taiwan,1,61,1
Chung Shan Med Univ,Taiwan,1,61,1
Taipei Tzu Chi Hosp,Taiwan,1,61,1
Meiho Univ,Taiwan,1,61,1
Kaohsiung Vet Gen Hosp,Taiwan,1,61,1
Johns Hopkins Univ,United States,5,129,5
Tennessee Donor Serv,United States,1,23,1
Graz Univ,Austria,1,12,1
Int Peace Matern & Child Hlth Hosp,China,1,5,1
Xian XD Grp Hosp,China,1,34,1
Anqing Municipal Hosp,China,1,34,1
Navy Gen Hosp PLA,China,1,34,1
Georgia Regents Univ,United States,7,246,7
Chengdu Univ Tradit Chinese Med,China,1,14,1
Sanquin,Netherlands,1,13,1
Harbor UCLA Med Ctr,United States,1,17,1
Brazilian Inst Teaching & Res Pulm & Exercise Imm,Brazil,1,17,1
Fed Univ Sao Paulo UNIFESP,Brazil,1,17,1
Univ Brasil,Brazil,1,17,1
Univ Tubingen,Germany,1,17,1
Nove Julho Univ,Brazil,1,17,1
Univ Fed Lavras UFLA,Brazil,1,17,1
Yinchuan First Peoples Hosp,China,1,2,1
Xian Satellite Control Ctr Clin,China,1,20,1
Cangzhou Peoples Hosp,China,1,7,1
Cleveland Clin,United States,2,67,2
Vasomune Therapeut,Canada,1,23,1
Sunnybrook Hlth Sci Ctr,Canada,1,23,1
Nara Med Univ,Japan,1,3,1
Matsubara Tokushukai Hosp,Japan,1,3,1
Univ Colorado Denver,United States,6,222,6
Bonfils Blood Ctr,United States,5,77,5
Changhua Show Chwan Mem Hosp,Taiwan,1,18,1
Wu Xing Clin,Taiwan,1,18,1
Wei Chun Tai Dermatol Clin,Taiwan,1,18,1
Kaohsiung Armed Forces Gen Hosp,Taiwan,1,18,1
Beijing Univ Chinese Med,China,2,29,1
Cochin Hosp,France,1,12,1
Hofstra Northwell Sch Med,United States,1,42,1
Xianyang Vocat & Tech Coll,China,1,11,1
Katholieke Univ Leuven,Belgium,1,8,1
London Sch Hyg & Trop Med,United Kingdom,1,8,1
VIB UGent Ctr Med Biotechnol,Belgium,1,8,1
SA Pathol,Australia,1,16,1
Flinders Med Ctr,Australia,1,16,1
Univ South Australia,Australia,1,16,1
Univ Athens,Greece,3,80,3
Fraunhofer Inst Mol Biol & Appl Ecol IME,Germany,1,27,1
Goethe Univ Frankfurt,Germany,1,27,1
Ludwig Boltzmann Inst Lung Vasc Res,Austria,2,43,2
New York Presbyterian Hosp,United States,1,25,1
Musashi Kosugi Hosp,Japan,1,67,1
Natl Cerebral & Cardiovasc Ctr Res Inst,Japan,2,88,2
Emory Univ,United States,4,164,4
Univ Florida,United States,1,30,1
NCI,United States,1,32,1
EFS Rhone Alpes,France,1,14,1
Univ Caen Normandie,France,1,14,1
Univ Grenoble Alpes,France,1,14,1
CHU Grenoble Alpes,France,1,14,1
Minist Hlth,China,1,16,1
UConn Hlth,United States,1,10,1
UPMC,France,1,121,1
Perelman Sch Med,United States,1,12,1
Univ Bristol,United Kingdom,2,35,2
Belfast Hlth & Social Care Trust,United Kingdom,1,180,1
Univ Oklahoma,United States,1,33,1
Natl Inst Infect Dis,Japan,1,1,1
Asahi Gen Hosp,Japan,1,1,1
Nagasaki Univ,Japan,1,1,1
Virginia Commonwealth Univ,United States,1,42,1
Southern Arizona VA Hlth Care Syst SAVAHCS,United States,1,27,1
Mercy Hosp & Med Ctr,United States,1,15,1
Univ Illinois Hosp & Hlth Sci Syst,United States,5,126,5
Kindai Univ,Japan,1,2,1
Univ Hosp Miguel Servet,Spain,1,22,1
Aragonese Agcy Invest & Dev ARAID,Spain,1,22,1
Aarhus Univ,Denmark,1,22,1
Johns Hopkins Bloomberg Sch Publ Hlth,United States,1,19,1
Lawson Hlth Res Inst,Canada,2,41,2
Univ Western Ontario,Canada,4,207,4
PLA,China,2,15,2
Beijing Oriental Yamei Gene Sci & Technol Inst,China,1,7,1
State Adm Tradit Chinese Med Peoples Republ China,China,1,24,1
Beijing Microvasc Inst Integrat Chinese & Western,China,1,24,1
Natl Ctr Global Hlth & Med,Japan,1,21,1
Tokyo Metropolitan Inst Med Sci,Japan,1,21,1
Georgia State Univ,United States,1,21,1
Himeji Dokkyo Univ,Japan,1,14,1
Sysmex Corp,Japan,1,14,1
Shinko Hosp,Japan,1,14,1
Kobe Tokiwa Univ,Japan,1,14,1
Kobe Univ Hosp,Japan,1,14,1
Univ Wisconsin,United States,1,9,1
Guangzhou Mil Command,China,3,53,3
Jiangsu Prov Key Lab Anesthesia & Analgesia Appli,China,1,11,1
Xuzhou Med Coll,China,1,11,1
NHLBI,United States,1,24,1
NIH,United States,1,24,1
NIDDK,United States,1,24,1
Hulunbeier Peoples Hosp,China,1,43,1
Kanazawa Univ Hosp,Japan,1,33,1
Univ Texas Hlth Sci Ctr,United States,1,32,1
Jilin Univ,China,2,46,2
Univ Kentucky,United States,1,32,1
Elmezzi Grad Sch Mol Med,United States,2,11,2
Hofstra North Shore LIJ Med Sch,United States,2,11,2
VA Connecticut Healthcare Syst,United States,1,13,1
Dalian Municipal Cent Hosp,China,2,38,2
150th Cent Hosp PLA,China,1,9,1
NHS Fdn Trust,United Kingdom,1,127,1
Papworth Hosp NHS Fdn Trust,United Kingdom,1,127,1
Univ London Imperial Coll Sci Technol & Med,United Kingdom,4,186,4
Spectrum Hlth,United States,1,127,1
Cincinnati Childrens Res Fdn,United States,2,107,2
Univ Utah,United States,2,103,2
Silence Therapeut GmbH,Germany,1,68,1
Roger Williams Med Ctr,United States,1,68,1
Beth Israel Deaconess Med Ctr,United States,4,204,4
Victor Chang Cardiac Res Inst,Australia,1,8,1
Assistance Publ Hop Marseille,France,1,26,1
Aix Marseille Univ,France,1,26,1
Univ Aix Marseille,France,1,26,1
Hop Nord Marseille,France,1,26,1
Vet Natl Super Sch Algiers,Algeria,1,14,1
CNRS ERL 8252,France,1,14,1
Univ Paris Diderot,France,1,14,1
Liaoning Med Univ,China,2,21,2
Guilin Med Univ,China,1,16,1
Shantou Univ,China,1,41,1
Taizhou Hosp Tradit Chinese Med,China,1,41,1
Univ Appl Sci Bingen,Germany,1,13,1
Johns Hopkins Sch Med,United States,2,111,2
Guangzhou Mil Command PLA,China,1,24,1
Hosp San Espases,Spain,1,23,1
Hosp Univ NS Candelaria,Spain,1,23,1
Inst Salud Carlos III,Spain,4,80,4
Hosp Univ Dr Negrin,Spain,2,31,2
Univ La Laguna,Spain,2,31,2
Yuncheng Cent Hosp,China,1,5,1
E Tennessee State Univ,United States,1,7,1
Mt Sinai Hosp,Canada,1,17,1
London Hlth Sci Ctr,Canada,2,158,2
Victoria Hosp,Canada,1,126,1
Univ Texas Houston,United States,1,67,1
Univ Munich,Germany,2,238,2
Tufts Univ,United States,2,25,2
Tufts Med Ctr,United States,1,6,1
Univ Ulsan,South Korea,1,3,1
Denver Hlth Med Ctr,United States,2,32,2
Howard Hughes Med Inst,United States,1,22,1
Weill Cornell Med Coll,United States,3,125,3
KU Leuven Kulak,Belgium,1,27,1
Childrens Hosp Oakland,United States,2,153,2
Res Ctr Oakland,United States,1,63,1
205 Hosp Chinese Peoples Liberat Army,China,1,42,1
Charite,Germany,5,241,5
Takeda Cambridge Ltd,United Kingdom,1,29,1
Shanghai Blood Ctr,China,1,38,1
E China Normal Univ,China,1,38,1
Huashan Hosp,China,1,38,1
Cedars Sinai Med Ctr,United States,1,88,1
Univ Utrecht,Netherlands,1,34,1
Birmingham VA Med Ctr,United States,1,34,1
Indiana Ctr Vasc Biol & Med,United States,1,22,1
VC CAST Signature Ctr,United States,1,22,1
Huabo Biopharmaceut Res Inst,China,1,11,1
Ctr Targeted Therapeut & Translat Nanomed,United States,1,34,1
Zablocki VA Med Ctr,United States,1,25,1
Escuela Biotecnol & Alimentos,United States,1,2,1
Houston Methodist Res Inst,United States,1,2,1
Methodist Hosp Houston,United States,1,2,1
Hitachi High Technol Amer Inc,United States,1,2,1
Shanghai JianGong Hosp,China,2,92,2
Acad Mil Med Sci,China,1,6,1
Washington State Univ,United States,1,58,1
Albany Med Coll,United States,1,19,1
Natl Cerebral & Cardiovasc Ctr,Japan,1,30,1
New York Blood Ctr,United States,2,103,2
Blood Ctr Wisconsin,United States,1,48,1
Univ Kansas,United States,1,39,1
Balgrist Univ Hosp,Switzerland,1,25,1
Univ Zurich Hosp,Switzerland,2,71,2
Univ Illinois Hosp Hlth Sci Syst,United States,1,25,1
Jesse Brown VA Med Ctr,United States,1,25,1
Hosp Univ Nuestra Senora Candelaria,Spain,1,12,1
Univ Fed Sao Paulo,Brazil,1,19,1
Univ Louisville,United States,3,96,3
Univ Texas SW Med Ctr Dallas,United States,1,61,1
Gongli Hosp,China,1,16,1
Ehime Univ,Japan,1,22,1
Univ Gen Hosp Patras,Greece,1,91,1
Univ Texas Tyler,United States,1,88,1
Karolinska Univ Hosp,Sweden,1,31,1
Logist Univ Chinese Peoples Armed Police Forces,China,1,31,1
Ruprecht Karls Univ Hosp Heidelberg,Germany,1,4,1
Hosp Civils Lyon,France,2,162,2
Pavol Jozef Safarik Univ,Slovakia,1,12,1
Masaryk Univ,Czech Republic,1,12,1
St Annes Univ Hosp,Czech Republic,1,12,1
Louis Pasteur Univ Hosp,Slovakia,1,12,1
Hosp Procardiaco,Brazil,1,21,1
Hosp Copa DOr,Brazil,1,21,1
Rio de Janeiro Fed Inst Educ Sci & Technol,Brazil,2,66,2
Rhein Westfal TH Aachen,Germany,2,121,2
Hosp Univ NS de Candelaria,Spain,1,8,1
Hosp Univ Rio Hortega,Spain,1,8,1
Natl Inst Environm Hlth Sci,United States,2,197,2
Univ Lund Hosp,Sweden,1,24,1
Wenzhou Med Coll,China,1,24,1
Oklahoma Med Res Fdn,United States,1,40,1
Marburg Lung Ctr UGMLC,Germany,1,41,1
Aristotle Univ Thessaloniki,Greece,1,37,1
Univ Hosp Heraklion,Greece,1,37,1
Democritus Univ Thrace,Greece,1,37,1
Univ Hosp Dresden,Germany,1,72,1
Natl Univ Ireland Univ Coll Cork,Ireland,1,72,1
Heidelberg Univ,Germany,2,99,2
Excellencecluster Cardiopulm Syst,Germany,1,72,1
Univ Leipzig,Germany,1,72,1
Univ Fed Minas Gerais,Brazil,1,26,1
Clement J Zablocki Vet Affairs Med Ctr,United States,1,15,1
Univ Virginia Hlth Syst,United States,1,59,1
Univ Tubingen Hosp,Germany,2,63,2
Univ Med Ctr,Germany,1,30,1
Xuzhou Cent Hosp,China,1,22,1
Johns Hopkins Med Inst,United States,2,29,2
Bloomberg Sch Publ Hlth,United States,1,17,1
Univ Hosp Essen,Germany,1,40,1
Univ Calif Davis,United States,2,26,1
Univ Calif Davis Hlth Syst,United States,2,3,1
Univ Hosp Ulm,Germany,1,46,1
Inst Natl Sante & Rech Med,France,1,32,1
Univ Lille Nord France,France,1,32,1
Univ Med Ctr Freiburg,Germany,1,27,1
St Lukes Med Ctr,Philippines,1,26,1
Univ Brasilia,Brazil,1,23,1
Univ Calif San Diego Hlth Sci,United States,1,23,1
Univ Childrens Hosp Heidelberg,Germany,1,27,1
Dr Horst Schmidt Kliniken,Germany,1,27,1
BML Inc,Japan,1,75,1
Osaka Biosci Inst,Japan,1,75,1
Tokyo Med & Dent Univ,Japan,1,75,1
Kyoto Univ,Japan,1,75,1
Beijing Army Gen Hosp,China,1,152,1
Robley Rex VA Med Ctr,United States,1,33,1
Roswell Pk Canc Inst,United States,1,43,1
Vet Adm Western New York Healthcare Syst,United States,1,43,1
SUNY Buffalo,United States,1,43,1
Dartmouth Med Sch,United States,1,43,1
Univ Michigan Hlth Syst,United States,1,43,1
UCSD,United States,1,163,1
Vet Affairs Med Ctr,United States,1,7,1
Rhode Isl Hosp,United States,2,131,2
Royal Liverpool Univ Hosp,United Kingdom,1,378,1
Soonchunhyang Univ,South Korea,1,11,1
VA Puget Sound Hlth Ctr,United States,1,6,1
Univ Saskatchewan,Canada,1,6,1
German Acad Transplantat Med,Germany,1,45,1
Royal Childrens Hosp,Australia,1,151,1
Queensland Inst Med Res,Australia,1,151,1
Miyagi Canc Ctr,Japan,1,5,1
Jintan Hosp,China,1,21,1
Methodist Hosp & Res Inst,United States,1,39,1
Methodist DeBakey Heart & Vasc Ctr,United States,1,39,1
Univ Louvain,Belgium,1,18,1
Suny Downstate Med Ctr,United States,1,17,1
Vet Adm Med Ctr,United States,1,17,1
Ctr Med Univ Geneva,Switzerland,1,48,1
BloodCtr Wisconsin,United States,1,2,1
Shanghai Univ Tradit Chinese Med,China,1,27,1
Columbia Univ Coll Phys & Surg,United States,1,16,1
PLA455 Hosp,China,1,41,1
Univ Saarland,Germany,2,97,2
Univ S Carolina,United States,1,18,1
Baltimore Vet Adm Med Ctr,United States,1,25,1
Georgia Hlth Sci Univ,United States,1,12,1
S Texas Blood & Tissue Ctr,United States,1,16,1
Tao Yuan Gen Hosp,Taiwan,1,5,1
Natl Dong Hwa Univ,Taiwan,1,5,1
Henry Jackson Fdn Adv Mil Med Inc,United States,1,10,1
Univ Connecticut,United States,1,10,1
Walter Reed Army Inst Res,United States,1,10,1
Atlanta VAMC,United States,1,31,1
Sanford Burnham Med Res Inst,United States,1,81,1
Univ Aix Marseille 2,France,1,7,1
Univ Mediterranee,France,1,7,1
Univ Paris 05,France,1,7,1
City Hope Natl Med Ctr,United States,1,28,1
So Med Univ,China,2,137,2
Istanbul Med Sch,Turkey,1,29,1
Univ Hosp Geneva,Switzerland,1,31,1
Def Sci & Technol Lab,United Kingdom,1,21,1
Hebrew Univ Jerusalem,Israel,1,16,1
Tianjin Huanhu Hosp,China,1,16,1
Tokyo Univ Agr,Japan,1,12,1
Hokkaido Red Cross Blood Ctr,Japan,1,12,1
Soon Chun Hyang Univ,South Korea,1,49,1
Tainan Municipal Hosp,Taiwan,1,37,1
Natl Cheng Kung Univ,Taiwan,1,37,1
German Red Cross Blood Serv W,Germany,1,65,1
Natl Univ Ireland Galway,Ireland,1,33,1
Galway Univ Hosp,Ireland,1,33,1
Natl Univ Ireland,Ireland,1,33,1
Univ Med & Pharm Targu Mures,Romania,1,1,1
Korea Univ Coll Med,South Korea,1,1,1
